{
    "korean_translation": {
        "questions": {
            "precision": 0.8951175808906555,
            "recall": 0.9049106240272522,
            "f1": 0.899929404258728
        },
        "answers": {
            "precision": 0.9002702832221985,
            "recall": 0.9069488644599915,
            "f1": 0.9035553932189941
        }
    },
    "hindi_translation": {
        "questions": {
            "precision": 0.8922529816627502,
            "recall": 0.9032101035118103,
            "f1": 0.89765465259552
        },
        "answers": {
            "precision": 0.8917436599731445,
            "recall": 0.9037775993347168,
            "f1": 0.8976896405220032
        }
    }
}